,asr_transcript,uniqueId
0,Activate all life and needs her house ,sample0000-0000
1,Activate basement lights ,sample0001-0001
2,I just the beggar blight intensity a thirty nine ,sample0002-0010
3,Can you please changed the light coloured to thing ,sample0003-0100
4,Said the mate mystifying ,sample0004-1000
5,Said the brightness to twelve ,sample0005-1001
6,Said the brightness to twenty ,sample0006-1002
7,Said the lifeless with languid movies ,sample0007-1003
8,Said the selected shoe ,sample0008-1004
9,Said the cellar light to twelve ,sample0009-1005
10,Said the cellar lights to too ,sample0010-1006
11,Said dame that apartment like to do ,sample0011-1007
12,Said the entrance gliding intensity to twelve ,sample0012-1008
13,Since he entered right you are brightest setting ,sample0013-1009
14,Can you please lower the lights for me ,sample0014-0101
15,Said the fastened it is lights through thirty nine ,sample0015-1010
16,Said the garden brightness to local twelve ,sample0016-1011
17,Sat the hallway lights to pink please ,sample0017-1012
18,Said the intensity of the toilet leaning to too ,sample0018-1013
19,Said the kid's bedroom lights to five ,sample0019-1014
20,Said the larger in lying to ten per cent ,sample0020-1015
21,Said the late greatness level footmen deep ,sample0021-1016
22,Said the light coloured to blue ,sample0022-1017
23,Said the lights dimmer in the office ,sample0023-1019
24,And you please said the bathroom lights to five ,sample0024-0102
25,Said the lights in the laundry room to level too ,sample0025-1020
26,Said the whites and the wanderer roun to seventy three ,sample0026-1021
27,Said the lights in toilets to read ,sample0027-1022
28,Said the lights to a higher intensity ,sample0028-1023
29,Said the whites to a higher intensity in the change in rome ,sample0029-1024
30,Said the lights to a higher intensity in the living room ,sample0030-1025
31,Said the lights to a less bright setting ,sample0031-1026
32,Said the lights to lower intensity ,sample0032-1027
33,Said the lights to green and the large reading room ,sample0033-1028
34,Said the lights to chant and the vestibule ,sample0034-1029
35,Can you please turn down the lights ,sample0035-0103
36,Said the lights to the on position ,sample0036-1030
37,Said the lights to twenty two in the office ,sample0037-1031
38,At the lights to twenty two per cent ,sample0038-1032
39,Said the lights to zero brightness ,sample0039-1033
40,Said the lights to zero brightness in the office ,sample0040-1034
41,Said the leaving rooms like two twenty ,sample0041-1035
42,Said the be sure lights to fife ,sample0042-1036
43,Sat the bastable lights to level thirty nine ,sample0043-1037
44,Shines enlighten her ,sample0044-1038
45,On some lightened her ,sample0045-1039
46,Can you put light on the back yard ,sample0046-0104
47,Shine some lights in the office ,sample0047-1040
48,Shine the lights at level globe ,sample0048-1041
49,You're down that gets bedroom lights ,sample0049-1042
50,Shut down the lights ,sample0050-1043
51,Shut off the lights at the entrance ,sample0051-1044
52,Shut off the lights in the garage ,sample0052-1045
53,Shut off the light in the loo ,sample0053-1046
54,Shut off the light these ,sample0054-1047
55,Shut off the lounge lights ,sample0055-1048
56,The lights down in the bathroom ,sample0056-1049
57,Then he put the last two twelve in the cubicle ,sample0057-0105
58,Said the lights down in the entrance ,sample0058-1050
59,Shut the lights off ,sample0059-1051
60,Sir in the office beset connected light bulbs to brightness of ten ,sample0060-1052
61,Sarah plants that the brightness of the connected lights too bold to fifty ,sample0061-1053
62,Censure it delights to thirty nine preside in the cubicle ,sample0062-1054
63,Stop landing the cubicle ,sample0063-1055
64,Stop the lights ,sample0064-1056
65,Stop the lights from shining in the bathroom ,sample0065-1057
66,Stop the knights from shining ambition ,sample0066-1058
67,Stop the lights to be on ,sample0067-1059
68,Can you raise the light in the toilets ,sample0068-0106
69,Stop the lights ,sample0069-1060
70,Switch all the lights to the opposition in the vestibule ,sample0070-1061
71,Sweet late galloped to blue ,sample0071-1062
72,Switch my lads on now ,sample0072-1063
73,Switch o'erflow exterior lighting ,sample0073-1064
74,Which of small meeting room lights ,sample0074-1065
75,For each of the good out light ,sample0075-1066
76,Switch off the lights ,sample0076-1067
77,Switch on the lines after relieved for the trip ,sample0077-1068
78,Switch off the shed lights ,sample0078-1069
79,To set a pink light in the basement ,sample0079-0107
80,Switch on my back yard lighting ,sample0080-1070
81,Switch on my cubicle late please ,sample0081-1071
82,Sweats on my garden lights ,sample0082-1072
83,Swished the lights in the kid's bedroom ,sample0083-1073
84,Switch on the lights ,sample0084-1074
85,Switch on the studio lay ,sample0085-1075
86,We can belong to the green ,sample0086-1076
87,Switched the light green ,sample0087-1077
88,Switched the light the blue in the bedroom ,sample0088-1078
89,Switched the lights to dark and the pantry ,sample0089-1079
90,Can you said the basement lights to five ,sample0090-0108
91,Switched their toilet light to read ,sample0091-1080
92,Switch to red lights ,sample0092-1081
93,Turn on the lights of kids bedroom ,sample0093-1082
94,The basement is too bright ,sample0094-1083
95,Base from blights must be switched on ,sample0095-1084
96,The bedroom light or two bright but with the brightness ,sample0096-1085
97,The bed reliance and in a brighter illumination ,sample0097-1086
98,The bedroom lights need to be bridle right now ,sample0098-1087
99,The brightness in the studio should be twenty two ,sample0099-1088
100,The brightness should be ten in a bathroom ,sample0100-1089
101,Could you set the bathroom brightness level to thirty nine ,sample0101-0109
102,The bald should now be so braid ,sample0102-1090
103,The cellar light should be turned on ,sample0103-1091
104,That ceylon needs to be breakdown ,sample0104-1092
105,La colour of the light should be pink and bug toilet room ,sample0105-1093
106,There cubicle lights she'll be pink ,sample0106-1094
107,The dining room is illuminated ,sample0107-1095
108,The carriage lights need to be britta ,sample0108-1096
109,The good out should have its lights don't not now ,sample0109-1097
110,The house were might needs to be changed to read ,sample0110-1098
111,Let kitchen like should be pink ,sample0111-1099
112,Just a bedroom i to ten per cent ,sample0112-0011
113,Can you said the bathroom life to seventy three ,sample0113-0110
114,The kitchen should be brighter please ,sample0114-1100
115,The large meeting room is too dark and must be made brighter ,sample0115-1101
116,The laundry room is too bright ,sample0116-1102
117,The laundry room lights should be green ,sample0117-1103
118,The light colour in the waiting room should be green ,sample0118-1104
119,The light mere apartment needs to be damned ,sample0119-1105
120,The light in the board room is to be at seventy three ,sample0120-1106
121,The light in the parking lot should be p ,sample0121-1107
122,The light in the shade neath the be off ,sample0122-1108
123,The lights need to be damned ,sample0123-1109
124,One will send the bag holes through validity ,sample0124-0111
125,The light needs to be dimmed ,sample0125-1110
126,Delights are too bright and i wanted dimmed ,sample0126-1111
127,The lights in the scylla need to be turned up ,sample0127-1112
128,Writes in the garage and give me switched off ,sample0128-1113
129,Dilate indicate spectral marked took dog ,sample0129-1114
130,The lights in the living room needs very blue ,sample0130-1115
131,The lights in the living room should be on twenty two ,sample0131-1116
132,The light should be on please ,sample0132-1117
133,This dounia lights need to be increased ,sample0133-1118
134,The toilet light should be blue ,sample0134-1119
135,When you said the likeness to enter do fought obeying bad ouse ,sample0135-0112
136,The toilets should have green lighting ,sample0136-1120
137,There is too much light in here ,sample0137-1121
138,There is too much light in the bedroom ,sample0138-1122
139,Throughout the house turned up the light power ,sample0139-1123
140,Come on down the brightness in the laundry room ,sample0140-1124
141,Don't or light laurel ,sample0141-1125
142,Colonel alleged down please ,sample0142-1126
143,Turned back yard lights ah ,sample0143-1127
144,Turn basement lights on please ,sample0144-1128
145,Turn basement late store bink ,sample0145-1129
146,Can you set the cellar room to seventy three ,sample0146-0113
147,Turn bedroom laid self ,sample0147-1130
148,Turn brightness down and bedroom ,sample0148-1131
149,Turned down bedroom lights ,sample0149-1132
150,Her now lighten attire apartment ,sample0150-1133
151,Turned down the basement lights ,sample0151-1134
152,Turn down the brightness ,sample0152-1135
153,Turned down the brightness for me ,sample0153-1136
154,Turned down the brightness in the lloyd re room ,sample0154-1137
155,Turned down the brightness of the lighting ,sample0155-1138
156,Dan don't oblateness please ,sample0156-1139
157,Can you set the kid's room might to five ,sample0157-0114
158,Turn down the light in the bedroom ,sample0158-1140
159,Turned down the light in the loo ,sample0159-1141
160,Turned down the light intensity in the dining room ,sample0160-1142
161,Turned down the light power all the way ,sample0161-1143
162,Turned down the light power in the pantry all the way ,sample0162-1144
163,Turn down the lighting indicated bedroom ,sample0163-1145
164,Turned down the lights ,sample0164-1146
165,Turned down the lights a bit ,sample0165-1147
166,Turn down the lights in here ,sample0166-1148
167,Turn down the lights in the basement ,sample0167-1149
168,Plenty sat the meeting room to be a pink you ,sample0168-0115
169,Turned down the lights in the bedroom ,sample0169-1150
170,Turned down the lights in the selah ,sample0170-1151
171,Turn down the lads and the changing room ,sample0171-1152
172,Turned down the lights in the kitchen ,sample0172-1153
173,Turn down the lights in the large meeting rome ,sample0173-1154
174,Turn down the lights in the toilet room ,sample0174-1155
175,It turned out of the lights in the waiting law ,sample0175-1156
176,Turn down the lights one knock ,sample0176-1157
177,Run down the laves please ,sample0177-1158
178,All along the lives ,sample0178-1159
179,Can you shut off the house lights ,sample0179-0116
180,Turn lad on in toilet room ,sample0180-1160
181,Dan lading added ,sample0181-1161
182,Done lights in the laundry room brighter ,sample0182-1162
183,Fernand my lads everywhere priest ,sample0183-1163
184,Turn lights on in the waiting room ,sample0184-1164
185,Turn lights on over the toilet ,sample0185-1165
186,Turn lights to green ,sample0186-1166
187,Turn living room lights to read ,sample0187-1167
188,Don't meeting room lights off ,sample0188-1168
189,Turn on my living room might please ,sample0189-1169
190,Can you said the lights off at the entrance ,sample0190-0117
191,Turn off all the lamps ,sample0191-1170
192,Turn off lights ,sample0192-1171
193,Turn off my bedroom white's please ,sample0193-1172
194,Don't oath binding lights ,sample0194-1173
195,Down off the bathroom late ,sample0195-1174
196,Dan after salade plates ,sample0196-1175
197,Turn off the light power ,sample0197-1176
198,Turn off the lighting ,sample0198-1177
199,Turn off the lights ,sample0199-1178
200,Turn off the lights ,sample0200-1179
201,Can you stop the lighting ,sample0201-0118
202,Turn off the lights up for thirty p m ,sample0202-1180
203,Turn off the lights for me ,sample0203-1181
204,Though not the knights or the leading them ,sample0204-1182
205,Turn off the lights in five minutes ,sample0205-1183
206,Turn off the lights in the basement ,sample0206-1184
207,Turn off the lights in the bathroom ,sample0207-1185
208,Turn off the lights in the bedroom ,sample0208-1186
209,Turn off the lights in the bedroom ,sample0209-1187
210,Turn off the light in the tired flag ,sample0210-1188
211,Don't off night endangered ,sample0211-1189
212,Can you switch on my apartment lights ,sample0212-0119
213,Turn off the lights in the kitchen ,sample0213-1190
214,Turn off the lights the living room ,sample0214-1191
215,Turn up the lights in the toilets ,sample0215-1192
216,Though one of the light in this room ,sample0216-1193
217,Turn off the lights now ,sample0217-1194
218,Ternaux flights to the basement ,sample0218-1195
219,Turn off the lance to the toilets ,sample0219-1196
220,Turn awful lounge light ,sample0220-1197
221,None of the bordeu lights ,sample0221-1198
222,Turn off the twilights ,sample0222-1199
223,Adjust the brightness in the lute fifty ,sample0223-0012
224,Then he switched the lights on for my entire house ,sample0224-0120
225,Turn on all the lights in the entire house ,sample0225-1200
226,Turn on bedroom lights ,sample0226-1201
227,Turn on garage lights ,sample0227-1202
228,Turn on lights above the toilet ,sample0228-1203
229,Fernand lights in the back yard ,sample0229-1204
230,Turn on lights in the cellar ,sample0230-1205
231,Don't on giving little nights ,sample0231-1206
232,Turn on my lights now ,sample0232-1207
233,Turn on my petiole lights please ,sample0233-1208
234,Turn on red lights ,sample0234-1209
235,Can use with the lights to local at a good eating bliss ,sample0235-0121
236,Turn on the bathroom lights ,sample0236-1210
237,Turn on the bedroom lights ,sample0237-1211
238,Turn on the changing room lights ,sample0238-1212
239,Fernande entrance likes ,sample0239-1213
240,Turn on the laundry grim lady ,sample0240-1214
241,Turn on the lights ,sample0241-1215
242,And on the lights above the toilet ,sample0242-1216
243,Turn enlightened bathroom ,sample0243-1217
244,And on the lights in the bedroom ,sample0244-1218
245,Turn on the lights in the changing room ,sample0245-1219
246,Then you'll done adorned the light ,sample0246-0122
247,Her light in the entrance ,sample0247-1220
248,Turn on the lights in the kid's room ,sample0248-1221
249,Turn on the lights in the laundry room ,sample0249-1222
250,Turn on the lights in the waiting room ,sample0250-1223
251,Turned the light please ,sample0251-1224
252,Turn on the lakes ,sample0252-1225
253,Turn on the office lighting ,sample0253-1226
254,Turn on the office lights ,sample0254-1227
255,Turn on the pantry like ,sample0255-1228
256,Turn to spite lighted the room ,sample0256-1229
257,Can you turn off the cellar lights ,sample0257-0123
258,Turn at all lights ,sample0258-1230
259,Turn out the cellar lights ,sample0259-1231
260,Tom parking light setting to awe ,sample0260-1232
261,Turn studio lights on ,sample0261-1233
262,Turn the backyard lights pink ,sample0262-1234
263,Turn the basement lion to see to it in ,sample0263-1235
264,Tell your basement lights down ,sample0264-1236
265,Turned the bedroom lights oh ,sample0265-1237
266,During the bedroom light he seventy three ,sample0266-1238
267,Turn the bedroom light son ,sample0267-1239
268,Here you turn out the light in the toilet ,sample0268-0124
269,Turn the bedroom to twenty ,sample0269-1240
270,Dan debate nest dome ,sample0270-1241
271,Turn the brightness down in the living room ,sample0271-1242
272,Turn the brightness down on the toilet room ,sample0272-1243
273,Turned the brightness in the flat to too ,sample0273-1244
274,Throwing the brightness to local twelve ,sample0274-1245
275,Turned the brightness to thirty nine per cent ,sample0275-1246
276,Turned the brightness up in the basement ,sample0276-1247
277,Turned the bold brightness down ,sample0277-1248
278,Turn the bulbs on brighter everywhere ,sample0278-1249
279,You told afore this ,sample0279-0125
280,Turn the sala alliance to twelve per cent ,sample0280-1250
281,Tanta sal alliance to fifty per cent ,sample0281-1251
282,Third the church roulades hall ,sample0282-1252
283,Turned the changing room lights to temper said ,sample0283-1253
284,Turn the cubicle lights to level ten ,sample0284-1254
285,Turned the entrance lights on ,sample0285-1255
286,Turned the entrance by its on ,sample0286-1256
287,During the flat like the thrall ,sample0287-1257
288,Don't the flagged room off ,sample0288-1258
289,Turn the garden light up a notch ,sample0289-1259
290,Getting brought up the lights ordered ordeal ,sample0290-0126
291,Turn the kid's bedroom light read ,sample0291-1260
292,Turn the kitchen lights green ,sample0292-1261
293,Don the kitchen lights on bridle ,sample0293-1262
294,Turn the large meeting room grain ,sample0294-1263
295,Dawn the laundry room light two twenty two ,sample0295-1264
296,Though in the light and density to level thirty nine ,sample0296-1265
297,Turned the late on ,sample0297-1266
298,Turned the light on in the bedroom ,sample0298-1267
299,Turn the lad's intensity to twenty two per cent ,sample0299-1268
300,Turned the light blue ,sample0300-1269
301,Then he turned off the lights in the cellar ,sample0301-0127
302,Turn the lights down in the back yard ,sample0302-1270
303,Turn the lights down in the dining room ,sample0303-1271
304,Turn lights down in the living room ,sample0304-1272
305,Then the ladies green ,sample0305-1273
306,Don't the lights in the garden off ,sample0306-1274
307,Turned and lights in the large muniment peeg ,sample0307-1275
308,That in the lights in the waiting room two five ,sample0308-1276
309,Turned the light in the waiting room to thirty nine ,sample0309-1277
310,Turn the lights off ,sample0310-1278
311,Turn the lights off and the basement ,sample0311-1279
312,Here you turn out the lights in the parting room ,sample0312-0128
313,Turned the lights up in the dining room ,sample0313-1280
314,Turn the lights the off in the dining room ,sample0314-1281
315,Turn the lights off in the wanderer room ,sample0315-1282
316,Turned the lights off in the office ,sample0316-1283
317,Turn lights often shed ,sample0317-1284
318,Turn the lad's off in the toilet ,sample0318-1285
319,Then the lights off no ,sample0319-1286
320,Turn the lights off ,sample0320-1287
321,From the lights on ,sample0321-1288
322,Turned the light on above the toilet ,sample0322-1289
323,Can you turn off the lights please ,sample0323-0129
324,In the light on everywhere ,sample0324-1290
325,Colonel i don know department ,sample0325-1291
326,Colonel light on and the bedroom ,sample0326-1292
327,Turned the light run in and changing room ,sample0327-1293
328,Turned the light time in the kitchen ,sample0328-1294
329,Turned the light on in the meeting room ,sample0329-1295
330,Thar in the light son in the pantry ,sample0330-1296
331,Turned the lights on a small meeting room ,sample0331-1297
332,Turn the lights on in the studio ,sample0332-1298
333,Doin the light on now ,sample0333-1299
334,At just the brightness to level den ,sample0334-0013
335,Can you turn off the lights ,sample0335-0130
336,Turn the lights on pink ,sample0336-1300
337,Turned the lights on please ,sample0337-1301
338,During the nights on the kitchen ,sample0338-1302
339,Don't deny its on ,sample0339-1303
340,Turned the lights pink please ,sample0340-1304
341,Turn the lights red in the bedroom ,sample0341-1305
342,Turned the lights to a darker setting in the offices ,sample0342-1306
343,Turn the lights to hire setting ,sample0343-1307
344,Turned the lights to a lower setting ,sample0344-1308
345,Light still bu'n bow ,sample0345-1309
346,Can you turn on bathroom light ,sample0346-0131
347,Don't the lights up a notch in the salon ,sample0347-1311
348,Throwing the lights up a notch viz ,sample0348-1312
349,Turn the lights up in the entrance ,sample0349-1313
350,Tom the lights opened loo ,sample0350-1314
351,Turned the lights up in the studio ,sample0351-1315
352,Turned the lights up in the toilets ,sample0352-1316
353,Turn the living room lights up ,sample0353-1317
354,Turn to lounge lights read ,sample0354-1318
355,Turn thou patio light pink ,sample0355-1319
356,Can you down on the night ,sample0356-0132
357,Turn the studio lights on ,sample0357-1320
358,Turn the studio lights the thirty nine ,sample0358-1321
359,Turn the vestibule lights to too ,sample0359-1322
360,Turn the vestibule lights up ,sample0360-1323
361,Turn on the waiting room brightness to too ,sample0361-1324
362,It'll knights to seventy three ,sample0362-1325
363,Turned toilet room lights on ,sample0363-1326
364,Turn up the brightness ,sample0364-1327
365,Turn up the brightness and the changing room ,sample0365-1328
366,Turn up the lighting ,sample0366-1329
367,He turned to brighten astounded at the back yard ,sample0367-0133
368,Turn up the lights ,sample0368-1331
369,Turn out the lights in the selah ,sample0369-1332
370,Turn up the lion the kid's room ,sample0370-1333
371,Turn up the lights in the kitchen ,sample0371-1334
372,Turn of the lights in the pantry ,sample0372-1335
373,Turn up the lights in the archey ,sample0373-1336
374,Turn up the lights in the patio ,sample0374-1337
375,Dan of delight in dirt eyelids ,sample0375-1338
376,Carnac delights ,sample0376-1339
377,Then he turned the brightness to turn ,sample0377-0134
378,Turn up the lights ,sample0378-1340
379,Turn vestibule lighting on ,sample0379-1341
380,We have a large meeting realm i need some red lights in there ,sample0380-1342
381,We need the bulge stunned brighter in this room ,sample0381-1343
382,What do i need to do to get the dining room to fifty brightness ,sample0382-1344
383,Will you increased brightness please ,sample0383-1345
384,Will you make the entrance lights read for the afternoon ,sample0384-1346
385,Will you set the changing room two fifty brightness ,sample0385-1347
386,Won't you please turn down the brightness ,sample0386-1348
387,Would you please turn on the lights and my cubicle ,sample0387-1349
388,Can you tom broke the softened the bedroom ,sample0388-0135
389,What do you switch my kitchen leaden to arm ,sample0389-1350
390,What do you turn on my basement lights ,sample0390-1351
391,Would you turn on my basement lights ,sample0391-1352
392,A just brightness of lounge lights to a value of twenty two ,sample0392-1353
393,I'll lay itself ,sample0393-1354
394,All lights of please ,sample0394-1355
395,Basement light should be set a twelve ,sample0395-1356
396,They smelt lights should be turned on ,sample0396-1357
397,Bartram brightness told bondage do ,sample0397-1358
398,But the amiss do donec increase the brightness ,sample0398-1359
399,Can you done though ceylon laid down ,sample0399-0136
400,Bathroom lights off ,sample0400-1360
401,That broom brightness to to please ,sample0401-1361
402,Get home like down ,sample0402-1362
403,Boardroom is dark please turn on lots ,sample0403-1363
404,Bright light and kitchen ,sample0404-1364
405,Brightened up the cubicle ,sample0405-1365
406,Bring up the lights ,sample0406-1366
407,Can you give me some light please ,sample0407-1367
408,Can you give me some light please in the kitchen ,sample0408-1368
409,Can you give me some lights ,sample0409-1369
410,Could you turn to cubicle light twenty two ,sample0410-0137
411,Can you increase the brightness ,sample0411-1370
412,Can you increase the brightness and the laundry room ,sample0412-1371
413,Can you interest the brightness of the entire house ,sample0413-1372
414,Can you make the bedroom a little darker if possible ,sample0414-1373
415,Can you make the light go blue ,sample0415-1374
416,And you please turn out the light ,sample0416-1375
417,Penny turned down the lights in her ,sample0417-1376
418,Can you colonel of the summer life ,sample0418-1377
419,Can you trail of the house light ,sample0419-1378
420,The corner of the kid's bedroom light ,sample0420-1379
421,Can you turned the lights down one notch ,sample0421-0138
422,Can you dan the lights doe ,sample0422-1380
423,To endure light stooping color ,sample0423-1381
424,Change and set back god late to brightness had enough blood ,sample0424-1382
425,Jane to bedroom lighting two pink ,sample0425-1383
426,Chained braden without fillet tinder dialect to don deep but assent ,sample0426-1384
427,Changed their colour about their mites to peep ,sample0427-1385
428,Do you into the lot of get his laid stooping ,sample0428-1386
429,Changed lamp to pink ,sample0429-1387
430,Change listening to pink ,sample0430-1388
431,Changed lights to blue ,sample0431-1389
432,Then he turned the light sah ,sample0432-0139
433,Change lights the pink ,sample0433-1390
434,Seeing the again is laid slipping ,sample0434-1391
435,Change delights to pink ,sample0435-1392
436,Changed the bachelor liked to think ,sample0436-1393
437,Painted the borachio likes to green ,sample0437-1394
438,Jean spooning ,sample0438-1395
439,Changing when lights off please ,sample0439-1396
440,Close our lets him that could swarm ,sample0440-1397
441,Create more than bedroom turn lights the red ,sample0441-1398
442,Cut off the lotzen risked view ,sample0442-1399
443,Adjust the brightness to seventy three ,sample0443-0014
444,She didn't doll of the lad and lighting two glinted ,sample0444-0140
445,Dark in the light in the toilet ,sample0445-1400
446,Decrees brightness in cellar ,sample0446-1401
447,Dickory's brightness and the basement ,sample0447-1402
448,Douglas greatness of bathroom lights ,sample0448-1403
449,Increase brightness bees ,sample0449-1404
450,The gray slights and laundry roams through all the way off ,sample0450-1405
451,Decrease the light in the small meeting room ,sample0451-1406
452,Damn the basement ,sample0452-1407
453,Then the bedroom might ,sample0453-1408
454,Dimmed the board room ,sample0454-1409
455,Changed all the lights to fifty ,sample0455-0141
456,Dimmed the gates bedroom lights ,sample0456-1410
457,Dim the lights in the cubicle ,sample0457-1411
458,Dim the lights in the garden ,sample0458-1412
459,Dining room light at thirty nine ,sample0459-1413
460,Dining room lights at twenty two per cent ,sample0460-1414
461,Dining room lights off please ,sample0461-1415
462,Dining room needs to be at twelve per cent ,sample0462-1416
463,Not waste the lights decrease it please ,sample0463-1417
464,Double the brightness ,sample0464-1418
465,Entrance light level to ten ,sample0465-1419
466,Changed back yard lightning drooping things ,sample0466-0142
467,And to inflate two pink police ,sample0467-1420
468,Entrance should be let at intensity too ,sample0468-1421
469,Garage lights to read please ,sample0469-1422
470,Yet the dirt ,sample0470-1423
471,Get the lights on mouthpiece ,sample0471-1424
472,Every lights of the kitchen ,sample0472-1425
473,Green as what i would like to the lights to be right now ,sample0473-1426
474,Green lights in the leaving robe ,sample0474-1427
475,Green lights on in living room ,sample0475-1428
476,If it be less bright ,sample0476-1429
477,Chains child's bedroom to have red lights ,sample0477-0143
478,And it may turn down the lane ,sample0478-1430
479,Help me and on the late in the said lot ,sample0479-1431
480,Hey brighten the bedroom ,sample0480-1432
481,I cannot stand darkness turn at the brightness now ,sample0481-1433
482,I need light ,sample0482-1434
483,I need like thine into kendrew ,sample0483-1435
484,Meagre brighten up the meeting room ,sample0484-1436
485,Why mong the lot of meeting one will be loo ,sample0485-1437
486,I want to done the lids ,sample0486-1438
487,I want you to make the light the monarch ,sample0487-1439
488,Jane declared looping ,sample0488-0144
489,I would like the bess you will get some lightning ,sample0489-1440
490,Illuminates cellar ,sample0490-1441
491,Illuminated the kid's room ,sample0491-1442
492,In my kids bedroom changed the brightness to fifty ,sample0492-1443
493,In my kids room turn the lights off ,sample0493-1444
494,In the back yard the lights need to be bink ,sample0494-1445
495,Increased brightness in that long ,sample0495-1446
496,Increase brightness in the studio ,sample0496-1447
497,Increase the brightness of lights ,sample0497-1448
498,Great floating in the garage ,sample0498-1449
499,Changed kids room light to pink ,sample0499-0145
500,Increase the brightness ,sample0500-1450
501,Increase the brightness ink yet ,sample0501-1451
502,And increase debate ness in debasement ,sample0502-1452
503,Increase the brightness of entrance ,sample0503-1453
504,Increase the brightness of the garage ,sample0504-1454
505,Increased upbraid not after late ,sample0505-1455
506,Increase the brightness on the patio ,sample0506-1456
507,He hit botha little down down the late ,sample0507-1457
508,What is it possible to done down the light in the living room ,sample0508-1458
509,It's dark and here ,sample0509-1459
510,Change the laundry run lights to five please ,sample0510-0146
511,Getting so dark and here can you put the lights up ,sample0511-1460
512,To pretty bright and here is there a possibility you can turn like them ,sample0512-1461
513,It's pretty dark hair why don't ye turned the lights up ,sample0513-1462
514,So dark and here is turned up the lights just a little ,sample0514-1463
515,Twig to brighten here turned on the brightened it please ,sample0515-1464
516,Kids bedroom light student please ,sample0516-1465
517,He can lights or no ,sample0517-1466
518,Catch and no more lights ,sample0518-1467
519,Landed on brightness foe ,sample0519-1468
520,Laundry room laid son ,sample0520-1469
521,Changed like color to peep ,sample0521-0147
522,Laundry room lights to too ,sample0522-1470
523,Let there be light ,sample0523-1471
524,Laid both brightness ten per cent ,sample0524-1472
525,Bite on in the bathroom ,sample0525-1473
526,Why it up garage ,sample0526-1474
527,Lighting up in the loo ,sample0527-1475
528,Lights are off ,sample0528-1476
529,Lights at seventy three and the bedroom please ,sample0529-1477
530,Lights need brightened in the lounge ,sample0530-1478
531,Lights off changing room ,sample0531-1479
532,Richly inlaid colour duping ,sample0532-0148
533,Why it's off for entire house ,sample0533-1480
534,Light fountain in the garden ,sample0534-1481
535,Like bout'n the toilets ,sample0535-1482
536,Lights on ,sample0536-1483
537,John please they turn please ,sample0537-1484
538,Why it should be sat at level twenty two ,sample0538-1485
539,Why it's way down and small meeting room ,sample0539-1486
540,Living room lay itself ,sample0540-1488
541,We'll living room lights on for now please ,sample0541-1489
542,Changed the light level to twenty in the bedroom ,sample0542-0149
543,Lounged lights on please ,sample0543-1490
544,Lord gootes bedroom lights ,sample0544-1491
545,Lower lights brightness ,sample0545-1492
546,Nobody brightness ,sample0546-1493
547,Nor would the brightness of light buns ,sample0547-1494
548,Laura lightened the children's playroom ,sample0548-1495
549,Mere glutted gave the signal lights made colored ,sample0549-1496
550,Make all lights pink and color ,sample0550-1497
551,Make it darker in here ,sample0551-1498
552,Naked darker and the waiting room ,sample0552-1499
553,I've just the brightness to twenty two ,sample0553-0015
554,Translates and grudge the local five ,sample0554-0150
555,Make it less bright in the bedroom ,sample0555-1500
556,Make it later in here ,sample0556-1501
557,Make explored the lounged light you spink ,sample0557-1502
558,Make lay tread ,sample0558-1503
559,Make the night blue ,sample0559-1504
560,Make the light chord to pink ,sample0560-1505
561,Make the light pink ,sample0561-1506
562,Make the light red ,sample0562-1507
563,Make the lights go off ,sample0563-1508
564,Make the lights red in the office ,sample0564-1509
565,Change lights to blue ,sample0565-0151
566,Make the lights to level thirty two ,sample0566-1510
567,Make the living room lighter ,sample0567-1511
568,Make the studio lights brighter ,sample0568-1512
569,Modify brightness of living room laid by two seventy three ,sample0569-1513
570,Modify the colour of all light folds to pete ,sample0570-1514
571,Need light ,sample0571-1515
572,Need late in the kitchen ,sample0572-1516
573,No more light in here ,sample0573-1517
574,Pantry light level should be two per cent ,sample0574-1518
575,Bantry liked off ,sample0575-1519
576,Candidate to pink ,sample0576-0152
577,Pantry make it dark ,sample0577-1520
578,Parking lights on please ,sample0578-1521
579,Adieux lights please ,sample0579-1522
580,Patio lights turned on ,sample0580-1523
581,Being glides me a kitchen please ,sample0581-1524
582,But this brightened the lounge ,sample0582-1525
583,Please brighten up the dining room ,sample0583-1526
584,Please down the lights ,sample0584-1527
585,Please give me lights ,sample0585-1528
586,Please give me lights in the kitchen ,sample0586-1529
587,Changed lights to read ,sample0587-0153
588,Please give me some light ,sample0588-1530
589,Please give me some light in the kitchen ,sample0589-1531
590,Please increase the brightness ,sample0590-1532
591,Please increase the light brightness everywhere ,sample0591-1533
592,Please increase the meeting room brightness ,sample0592-1534
593,Aloof lord basemen lights ,sample0593-1535
594,Please make the light blue ,sample0594-1536
595,He's made the batu light read rum ,sample0595-1537
596,He leads from life ,sample0596-1538
597,Really some white in the kitchen ,sample0597-1539
598,Churlishly delights to pink for me ,sample0598-0154
599,Lay some like ,sample0599-1540
600,There is some white in the kitchen ,sample0600-1541
601,Lists reached the little fall lights greed ,sample0601-1542
602,Please switch lights off ,sample0602-1543
603,Please switch off lounge lights ,sample0603-1544
604,Plants which off the kitchen nights after you cook ,sample0604-1545
605,Please won't you off the studio light ,sample0605-1546
606,Please to increase the brightness it's too dark ,sample0606-1547
607,Please turn down the light for me ,sample0607-1548
608,Please turn lights on ,sample0608-1549
609,Kid meeting rome late to pink ,sample0609-0155
610,Please durn of nor dreed whom lights ,sample0610-1550
611,Please turn off lights everywhere ,sample0611-1551
612,Please turn off parking lights ,sample0612-1552
613,Please turn of the house light ,sample0613-1553
614,Please turn o flight ,sample0614-1554
615,Please turn off the lights of the king's room ,sample0615-1555
616,Please turn on the lights ,sample0616-1556
617,He's turn on the lights of changing room ,sample0617-1557
618,There's turned the pantry lights to level thirty nine ,sample0618-1558
619,Put on the serial bulbs in the dining room ,sample0619-1559
620,Change office lights to pique please ,sample0620-0156
621,We're delights in bow is on a dream ,sample0621-1560
622,But the lights on the vestibule ,sample0622-1561
623,Reduce greatness of light bunce ,sample0623-1562
624,So at green light ,sample0624-1563
625,Said brightness off all laid to fifteen ,sample0625-1564
626,Said dayton assault host stupidity ,sample0626-1565
627,Said brightness to foe ,sample0627-1566
628,Sat like a level twenty two ,sample0628-1567
629,Said the badger lights to thirty nine ,sample0629-1568
630,Said the colour of meeting room lights to blue ,sample0630-1569
631,Changed the backyard late to green ,sample0631-0157
632,The intensity of the two blakely to prevent ,sample0632-1570
633,Said the lights in the changing room to level twenty two ,sample0633-1571
634,Said the living room lights to ten per cent ,sample0634-1572
635,Said the badly brightness till dundee ,sample0635-1573
636,Seventy three is what brightness should be ,sample0636-1574
637,Shut off the kitchen light ,sample0637-1575
638,So much darkness in here turn up the bulbs ,sample0638-1576
639,Some light ,sample0639-1577
640,Some lay in the kitchen ,sample0640-1578
641,The lights in the kitchen ,sample0641-1579
642,Changed debasement brightness to seventy three ,sample0642-0158
643,Studio lights off ,sample0643-1580
644,Sturdier lights on please ,sample0644-1581
645,Switch bathroom by its ah ,sample0645-1582
646,Switch house lights off ,sample0646-1583
647,To his lights of ah ,sample0647-1584
648,Switch lights on ,sample0648-1585
649,Switch lights on and vestibule ,sample0649-1586
650,Dear pinto largely room late ,sample0650-1587
651,Switched off the bathroom lights ,sample0651-1588
652,Fit after lamps please ,sample0652-1589
653,Changed the basement brightness to too ,sample0653-0159
654,Switch off the light in the toiler ,sample0654-1590
655,Switch off the lights ,sample0655-1591
656,Which are beth to buell life oh ,sample0656-1592
657,Switched the garage like two pink ,sample0657-1593
658,Which the lamps off ,sample0658-1594
659,Switched the light blue ,sample0659-1595
660,Take all lights off as soon as possible ,sample0660-1596
661,The backyard is too bright canoe turned down a little ,sample0661-1597
662,The about doom lights need changed the blue ,sample0662-1598
663,But made no lights neat you've loaded ,sample0663-1599
664,I just the saw lights to twenty two ,sample0664-0016
665,Fain to the battle knights taboo ,sample0665-0160
666,The ball room is done take off the light ,sample0666-1600
667,The cellar as cold and dark these turn up the brightness ,sample0667-1601
668,The house is getting two little light turn off the brightness please ,sample0668-1602
669,The kitchen should not be so bright ,sample0669-1603
670,The large many room needs to be turned off ,sample0670-1604
671,The lie is too bright so turn it down the light is too bright so turn it down ,sample0671-1605
672,Like need you'd be blue in the studio ,sample0672-1606
673,The lou has too much lights ,sample0673-1607
674,The lou is a little dark turn up the brightness a little ,sample0674-1608
675,The office has too much light it gainst to be turned down ,sample0675-1609
676,Changed the brightness of the lights to grinned dupe listened ,sample0676-0161
677,The office is a little too dark these turn on the lights ,sample0677-1610
678,The parking area need the lights off ,sample0678-1611
679,The third needs more light ,sample0679-1612
680,The sun is going down and it's getting dark turned the lights up ,sample0680-1613
681,The toilets are too bright turned the lights down ,sample0681-1614
682,There is no one in the living room thick delights off ,sample0682-1615
683,This entire apartment is in darkness you need to turn the light brightness up ,sample0683-1616
684,This room is pretty dark just turned down the brightness ,sample0684-1617
685,Toilet light changed to level thirty nine ,sample0685-1618
686,A naughty kitchen load stooping color ,sample0686-1619
687,Changed the brightness to fifty and the entire apartment ,sample0687-0162
688,Occur in all lay bulbs into pink color ,sample0688-1620
689,Turn bathroom lights up ,sample0689-1621
690,Don bedroom red ,sample0690-1622
691,Condemn alighting in the pantry ,sample0691-1623
692,Turned down lights everywhere ,sample0692-1624
693,Don't down the brightness leaven of like boats ,sample0693-1625
694,Turned down the lamps a bit ,sample0694-1626
695,Turn down the lives of tad big please ,sample0695-1627
696,And don't delay chin that and dense room ,sample0696-1628
697,Don't igloo ,sample0697-1629
698,In the lifeless been i'd be lank onesime ,sample0698-0163
699,Don't let's read ,sample0699-1630
700,Torn lights up in house ,sample0700-1631
701,Down off all bedroom lamps blease ,sample0701-1632
702,Turn off bedroom lights ,sample0702-1633
703,Don't often dining room lights ,sample0703-1634
704,For an arc lights and loo ,sample0704-1635
705,Down off the lamps ,sample0705-1636
706,Turn off the lights ,sample0706-1637
707,Thrown off the lights in the bedroom ,sample0707-1638
708,Down off dollard lights ,sample0708-1639
709,Changed the brightness to twenty ,sample0709-0164
710,Turn of the sleights of ferdinand ,sample0710-1640
711,Turn on kitchen lights ,sample0711-1641
712,Turn on the changing room lights ,sample0712-1642
713,Turn on the garden light ,sample0713-1643
714,Voters ,sample0714-1644
715,The lodge in the book ,sample0715-1645
716,Turn on the lights and the children room ,sample0716-1646
717,Turn on the lights urgently ,sample0717-1647
718,Don't studio lives on ,sample0718-1648
719,Don't debasement lights mood ,sample0719-1649
720,Change the brightness to too ,sample0720-0165
721,Turned to bring the stem ,sample0721-1650
722,Turn the garden lights the brightness to please ,sample0722-1651
723,Turned the house light pink ,sample0723-1652
724,Dan the laid down in the back yard ,sample0724-1653
725,Dan de laid down in the bedroom ,sample0725-1654
726,Tom the lie down in the patio ,sample0726-1655
727,Turn the lights down ,sample0727-1656
728,Turned the light off ,sample0728-1657
729,When the light stupid ,sample0729-1658
730,Turn the lights up ,sample0730-1659
731,Change the bulbs to twelve per cent and brightness ,sample0731-0166
732,Turned to twilight pink ,sample0732-1660
733,Turn up light in basement ,sample0733-1661
734,Trend of light and flat ,sample0734-1662
735,Turn up the brightness ,sample0735-1663
736,Turn up the brightness in the patio ,sample0736-1664
737,Dan up the brightness in the studio ,sample0737-1665
738,Dan of delayed to hinder kitchen ,sample0738-1666
739,Why has everywhere so dark needs to turn up the brightness ,sample0739-1667
740,Why is it so bright near please turn it down a notch ,sample0740-1668
741,Why is there no lights in the waiting room turnin out please ,sample0741-1669
742,Chained that got our flesh to read ,sample0742-0167
743,Will you turn their brightness to level thirty nine ,sample0743-1670
744,Change the colour of the lights to blue and the dining room ,sample0744-0168
745,Changed the colour of the lights a blue ,sample0745-0169
746,Adjust the change of roman tensity of the lighting to two per cent ,sample0746-0017
747,Turned the corner of the late to green ,sample0747-0170
748,Seeing that the lot of the light stooping peace ,sample0748-0171
749,Changed the collar to blue ,sample0749-0172
750,Change the colors to pink ,sample0750-0173
751,Changed the cubicle lights up to ten ,sample0751-0174
752,Changed the garage lights to pique ,sample0752-0175
753,Changed the kid's bedroom light bulb color to green ,sample0753-0176
754,Changed the kitchen lights to green ,sample0754-0177
755,During the lion rhythm colored nobody ,sample0755-0178
756,Changed the laundry room lights the green ,sample0756-0179
757,Addressed the glow of the bald till apple too ,sample0757-0018
758,During the alarm but it'll m'leod steward ,sample0758-0180
759,Changed the light blue ,sample0759-0181
760,Chained that light coloured doping please ,sample0760-0182
761,Charged the light setting to on ,sample0761-0183
762,Changed the liked to blue ,sample0762-0184
763,Changed the liked to be ,sample0763-0185
764,Came to light a pink ,sample0764-0186
765,Change the lighting of the pantry to thirty nine ,sample0765-0187
766,During the lightning to him ,sample0766-0188
767,Came the lighting two fifty in the facilities ,sample0767-0189
768,Addressed the kid's lighting to ten ,sample0768-0019
769,Changed the light green ,sample0769-0190
770,Changed the lights in the child's bedroom to pink ,sample0770-0191
771,Changed the lights of the entrance to blue ,sample0771-0192
772,Changed the lights in the kid's bedroom to bloom ,sample0772-0193
773,Changed the lights in the parking area to green ,sample0773-0194
774,Came delights in the portly room ,sample0774-0195
775,Jane delayed thin that dialect green ,sample0775-0196
776,Into the light into blue ,sample0776-0197
777,Changed delights to green please ,sample0777-0198
778,Changed the whites to pink please ,sample0778-0199
779,Active garden lights ,sample0779-0002
780,Adjust the laundry room lighting the love of thirty nine ,sample0780-0020
781,Changed the lights to plant ,sample0781-0200
782,Changed the lights to read ,sample0782-0201
783,Changed the lights to read and the parking sexton ,sample0783-0202
784,Changed the living room lights to twenty ,sample0784-0203
785,Changelessly office liked to pink ,sample0785-0204
786,Jane adolphus lights to fifty ,sample0786-0205
787,Changed to parking room to green ,sample0787-0206
788,Changed the vestibule riding to two per cent ,sample0788-0207
789,Changed the yard lights to green ,sample0789-0208
790,Count toilettes like color to read ,sample0790-0209
791,I just delighting to level twenty two ,sample0791-0021
792,Click on the lights ,sample0792-0210
793,Colour changed lights to read ,sample0793-0211
794,Carlotta late spink ,sample0794-0212
795,Colour lights read ,sample0795-0213
796,Coloured the goods bedroom red ,sample0796-0214
797,Colour the lights read ,sample0797-0215
798,Interchange the brightness of the lights on the patio to seventy three ,sample0798-0216
799,Could you change the light to read ,sample0799-0217
800,And you increase the brightness of the lights ,sample0800-0218
801,Good ye increased the light bitterness in the dining room ,sample0801-0219
802,Adjust the light so it's less bright ,sample0802-0022
803,Can you make the lights in the basement rider ,sample0803-0220
804,Could you please turn my lights on ,sample0804-0221
805,Could you please don't write on i am bowl ,sample0805-0222
806,Could you switch on some lights ,sample0806-0223
807,Could you turn down the bedroom lights ,sample0807-0224
808,Could you trend alights on please ,sample0808-0225
809,But dolph found little garden light ,sample0809-0226
810,Cut the waiting room might ,sample0810-0227
811,Darken the waiting room ,sample0811-0228
812,It pleased brightness ,sample0812-0229
813,But just lights to the offsetting ,sample0813-0023
814,The creased brightness imbedded room ,sample0814-0230
815,Decreased brightness and boardroom by one third ,sample0815-0231
816,T crease brightness please ,sample0816-0232
817,Decrees the light brightness in kitten ,sample0817-0233
818,Dickory slight brightness please ,sample0818-0234
819,Great slights and house ,sample0819-0235
820,Decrease the brightness ,sample0820-0236
821,Decrease the brightness of the bulbs ,sample0821-0237
822,Grace the brightness of light and shed ,sample0822-0239
823,I just the living room brightness the level too ,sample0823-0024
824,Declares the brightness bees ,sample0824-0240
825,Decrease the intensity of the lights ,sample0825-0241
826,The increase the intensity of the lights and the kid's bedroom ,sample0826-0242
827,Decreased the intensity of the pantry lighting ,sample0827-0243
828,Decrease the light brightness in the cubicle ,sample0828-0244
829,Decrease delight intensity ,sample0829-0245
830,Decrease the light intensity in the entrance ,sample0830-0246
831,Decrease the light intensity in the entrance to zero ,sample0831-0247
832,Decrease the light intensity in the office ,sample0832-0248
833,Decrease the light intense thee in the vestibule to zero ,sample0833-0249
834,A just apparently liked to blue ,sample0834-0025
835,Decreased so light intensity to zero ,sample0835-0250
836,Decrease alighting in the laundry room ,sample0836-0251
837,Decrease the lighting so it's not so bright ,sample0837-0252
838,Decrease the lights intensity and my bedroom balcony ,sample0838-0253
839,Dim lights please ,sample0839-0254
840,M lights please ,sample0840-0255
841,Beamed the gives room ,sample0841-0256
842,To him the light in the kid's bedroom ,sample0842-0257
843,Damn the lighting completely in the waiting room ,sample0843-0258
844,Damn the lights ,sample0844-0259
845,I just that bad relating to level twenty nine ,sample0845-0026
846,Tim the lights completely in the living room ,sample0846-0260
847,Damn the lights for me ,sample0847-0261
848,Dim the lights in the backyard ,sample0848-0262
849,Damn the lights in the bathroom ,sample0849-0263
850,Damn the lights in the abroad ,sample0850-0264
851,Jim the lights in the living room ,sample0851-0265
852,Then the lights place ,sample0852-0266
853,And the lights place ,sample0853-0267
854,Then the lights ,sample0854-0268
855,Damn the studio aladdin ,sample0855-0269
856,Adjusted toilet lining to the two setting ,sample0856-0027
857,No mere farewell undone the laid song ,sample0857-0270
858,Do turn around my bedroom light now ,sample0858-0271
859,Don't forget to turn off the lights in the studio ,sample0859-0272
860,A lemonade entrance lights from shining ,sample0860-0273
861,Eliminate the lighting ,sample0861-0274
862,And the lives from shining in the cubicle ,sample0862-0275
863,And shared the lights are off in the waiting room ,sample0863-0276
864,Find the boats for the salon undone them up ,sample0864-0277
865,Let me more light ,sample0865-0278
866,Get me some lights indicatin ,sample0866-0279
867,I noticed that barnard slides took won't do ,sample0867-0028
868,Get rid of the lights in the bathroom ,sample0868-0280
869,Get the cellar lights on ,sample0869-0281
870,Did the larger room lights up to twenty two ,sample0870-0282
871,Get the lights on ,sample0871-0283
872,Get the lance on please ,sample0872-0284
873,Get the living room lights on please ,sample0873-0285
874,Give the room brighter please ,sample0874-0286
875,Give me more light in here ,sample0875-0287
876,Give me a maud late in the bedroom ,sample0876-0288
877,Give me pink lights ,sample0877-0289
878,I've just adorned its light stooped twenty ,sample0878-0029
879,Go ahead a turn the large meeting moonlight eh ,sample0879-0290
880,Go ahead and turned the laundry room lights up rider ,sample0880-0291
881,Go straight and turn on the lights ,sample0881-0292
882,Go go please shut off all light ,sample0882-0293
883,Gurgle shut off lights ,sample0883-0294
884,Have the beacon lights eh loyal brightness ,sample0884-0295
885,Have the light its colored blue ,sample0885-0296
886,Have the lights turned blue ,sample0886-0297
887,Help me changed the capello blue ,sample0887-0298
888,Help me degrees the brightness in back therefor ,sample0888-0299
889,Activate lights ,sample0889-0003
890,Like saphies turn off lights in back yard ,sample0890-0030
891,Help me to him the light the pantry ,sample0891-0300
892,Help me dim the lights ,sample0892-0301
893,Help me dim the lights place ,sample0893-0302
894,Help me make it sowed their light is nutshell bright ,sample0894-0303
895,Help me make then died apartment dread ,sample0895-0304
896,Help me make the entire house pink ,sample0896-0305
897,Help me make the light brighter ,sample0897-0306
898,Help me make the light green ,sample0898-0307
899,Help me make the light read ,sample0899-0308
900,Help me put on the lights ,sample0900-0309
901,Are you able to change the lights to turn to green ,sample0901-0031
902,Help me said the brightness stockwell ,sample0902-0310
903,Help me said the entrance late to too ,sample0903-0311
904,Help me said the light still fifty ,sample0904-0312
905,How can we stood the light the twenty ,sample0905-0313
906,Help me down on the night knees ,sample0906-0314
907,Help me turned the late on ,sample0907-0315
908,A goo or cut the lights in the kitchen ,sample0908-0316
909,Healeth get the light rightness flowering here ,sample0909-0317
910,I don't prefer the living room lights to be on any more ,sample0910-0318
911,I don't want it to be so bright ,sample0911-0319
912,Assistant i need my cubicle lights on ,sample0912-0032
913,I don't want it to be this bright ,sample0913-0320
914,I don't want backyard lights to be on ,sample0914-0321
915,I don't want the bedroom to be so riot ,sample0915-0322
916,I don't want the lads on any more ,sample0916-0323
917,I don't want to lights on in selah any more ,sample0917-0324
918,I don't want the lights on ,sample0918-0325
919,I don't want the lights to shine in the living room ,sample0919-0326
920,I don't want there to be any light on in the office ,sample0920-0327
921,I don't want there to be lights on any more ,sample0921-0328
922,I need a brightness sifting of dread of independently ,sample0922-0329
923,Assistant turn my lights on ,sample0923-0033
924,I need brighter lighting on the bed roofs ,sample0924-0330
925,I needed to be brighter and the cubicle ,sample0925-0331
926,Any writing ,sample0926-0332
927,I need leading in the kitchen ,sample0927-0333
928,I need lights on over the toilets ,sample0928-0334
929,I need more light ,sample0929-0335
930,I need my light here ,sample0930-0336
931,I need my bedroom brighter now ,sample0931-0337
932,He need my bedroom might lower ,sample0932-0338
933,I need my pantry set at ten brightness ,sample0933-0339
934,Make the brightness of light ,sample0934-0034
935,I need pink glinting in the office ,sample0935-0340
936,I need some light please ,sample0936-0341
937,I need some light plays in the kitchen ,sample0937-0342
938,I need some lives ,sample0938-0343
939,I'd lead some lights in the kitchen ,sample0939-0344
940,I need some more lights in here ,sample0940-0345
941,I need the cell of a light turned off ,sample0941-0346
942,I need delight ,sample0942-0347
943,I need the light in the kitchen ,sample0943-0348
944,Neither blake to be brighter ,sample0944-0349
945,Augment the brightness of the waiting room ,sample0945-0035
946,Need the like to be increased ,sample0946-0350
947,I need the lying cranked up a little ,sample0947-0351
948,I need the lights in like you to flanking the beset i thank thee ,sample0948-0352
949,I need delights in the gives room to be pink ,sample0949-0353
950,I knew dilates neared the die let to beat breda ,sample0950-0354
951,I need the lights off in the changing room ,sample0951-0355
952,I need the late soft in the entrance ,sample0952-0356
953,I need the lights to be blue now ,sample0953-0357
954,I need the lights to be blue ,sample0954-0358
955,He delights to be brighter ,sample0955-0359
956,Be sure that all the level of lighting it off ,sample0956-0036
957,I need delights to be dimmed ,sample0957-0360
958,I need the lights turned down a bit ,sample0958-0361
959,I made the lights turned off in the vestibule ,sample0959-0362
960,Neither room to be blow ,sample0960-0363
961,I made the said to have the light being on fifth eh ,sample0961-0364
962,I need two lamps are laugh now ,sample0962-0365
963,I need new lamps all off now blease ,sample0963-0366
964,I need you to increase the intensity of the backyard lights ,sample0964-0367
965,I need you doin the lights often debasement ,sample0965-0368
966,I prefer its lights are on now ,sample0966-0369
967,He's sure the light intensity is set at four per cent ,sample0967-0037
968,I should like to see red lights ,sample0968-0370
969,I think all the light should be on twenty two ,sample0969-0371
970,I think the light should beyond by now ,sample0970-0372
971,I think the light should be pink ,sample0971-0373
972,I want blue light ,sample0972-0374
973,I want lights ,sample0973-0375
974,I want green light ,sample0974-0376
975,When it less bright know ,sample0975-0377
976,I want it pink in here ,sample0976-0378
977,I want it to be brighter in the selah ,sample0977-0379
978,Be sure the lights are completely darkened by the toilet ,sample0978-0038
979,I wot less rightness ,sample0979-0380
980,I want less light ,sample0980-0381
981,I want less light in the waiting room ,sample0981-0382
982,I warn't level glad to be the setting for the brightness ,sample0982-0383
983,I want lighting in bedroom ,sample0983-0384
984,I want lights ,sample0984-0385
985,I want lights in the kitchen ,sample0985-0386
986,I want lived on in the back yard ,sample0986-0387
987,I want lights on fleece ,sample0987-0388
988,I want living room lights to be changed to pink ,sample0988-0389
989,Short elector of whether toilet ,sample0989-0039
990,I want more brightness in the changing room ,sample0990-0390
991,What were brightness in the pantry ,sample0991-0391
992,I want more light ,sample0992-0392
993,What more like the bathroom ,sample0993-0393
994,And where my child bedroom tab green light ,sample0994-0394
995,I want my cubicle lights to be on too ,sample0995-0395
996,I want pink light snow ,sample0996-0396
997,I want dread lighting ,sample0997-0397
998,I want red lights please ,sample0998-0398
999,I want the bathroom to be warned them ,sample0999-0399
1000,The vague delight in the waiting room ,sample1000-0004
1001,Both the brightness of the lights ,sample1001-0040
1002,I want the brightest lights in the kitchen please ,sample1002-0401
1003,I want the brightness of the lights in the laundry doomed to be fifty ,sample1003-0402
1004,I want the brightness sick to do ,sample1004-0403
1005,I want the brightness copies have been the bedroom ,sample1005-0404
1006,I wonder brightness twill be leather den on my lights ,sample1006-0405
1007,I want the brightness to be speck at twenty ,sample1007-0406
1008,I want the brightness turned up in this room ,sample1008-0407
1009,I want the cellar lay on ,sample1009-0408
1010,I want the ceylon leads off ,sample1010-0409
1011,Bright lights please ,sample1011-0041
1012,I want the cellar lights on ,sample1012-0410
1013,I want the cubism her lights to be at twenty two per cent ,sample1013-0411
1014,I want to cubicle to be brighter ,sample1014-0412
1015,I want to cubicle to be at thirty nine brightness ,sample1015-0413
1016,I won the dining room lights to be tarrant on ,sample1016-0414
1017,When do you tie apartment to be a to bring us ,sample1017-0415
1018,I want the entrance late on ,sample1018-0416
1019,I want the facilities to hoplites on now ,sample1019-0417
1020,I want the house lights to be pink ,sample1020-0418
1021,I want the kid's bedroom to be set to level fifth year ,sample1021-0419
1022,Brightened the large meeting room please ,sample1022-0042
1023,I want the kids like to be pink ,sample1023-0420
1024,I want the kitchen lights to be twenty two ,sample1024-0421
1025,I want the light bulbs to be at level thirty nine ,sample1025-0422
1026,I want the light colored changed to read ,sample1026-0423
1027,I want delight in the garden going on ,sample1027-0424
1028,I want the lights in the lounge to turn on ,sample1028-0425
1029,I want the light intensity to be at level ten ,sample1029-0426
1030,I want the light intensity turned up in the bedroom ,sample1030-0427
1031,I want the light set to tend everywhere ,sample1031-0428
1032,I want the light to beyond ,sample1032-0429
1033,Brightened the lights ,sample1033-0043
1034,I want the lighting increased ,sample1034-0430
1035,I want the lighting situated at twenty two in the dining room ,sample1035-0431
1036,I want the load said good beak ,sample1036-0432
1037,I want the lights decreased please ,sample1037-0433
1038,I warned by light is dim ,sample1038-0434
1039,I wonder lights in the about them but weeping ,sample1039-0435
1040,I want the lights in the bedroom on ,sample1040-0436
1041,I want the lights in the bedroom set to five ,sample1041-0437
1042,I want the lights in the launder room to changed to read ,sample1042-0438
1043,I want the lights in the pantry to be pink ,sample1043-0439
1044,Brightened the lights and the waiting room ,sample1044-0044
1045,I want the lights in the a doin it stood weeping ,sample1045-0440
1046,What glides off ,sample1046-0441
1047,I want the lights off everywhere ,sample1047-0442
1048,When the lige orphan the meeting room ,sample1048-0443
1049,I won the lights on ,sample1049-0444
1050,I want the light on at the two sitting ,sample1050-0445
1051,When the light on for the entire platt please ,sample1051-0446
1052,I want the lights on now ,sample1052-0447
1053,I want the light sat two fifty in the kid's room ,sample1053-0448
1054,I'm on the lights to be at level twenty two ,sample1054-0449
1055,Brightened up the cubicle ,sample1055-0045
1056,I want the lights to be blue in the bathroom ,sample1056-0450
1057,I want the lights to be brighter ,sample1057-0451
1058,I want the lights to be changed to blue ,sample1058-0452
1059,I want the lights to be damned ,sample1059-0453
1060,I want the lights to be increased and brightness ,sample1060-0454
1061,I want the lights to be increased ,sample1061-0455
1062,I want the lights to be lowered ,sample1062-0456
1063,I won't delights to be read please ,sample1063-0457
1064,I want to lights to be turned off ,sample1064-0458
1065,I want to lies to be turned off in the vestibule ,sample1065-0459
1066,Bright that ,sample1066-0046
1067,I want delighted her down in the bedroom ,sample1067-0460
1068,I want the lounged lay it on ,sample1068-0461
1069,I want the parting lets off ,sample1069-0462
1070,When the petiole liked turned on ,sample1070-0463
1071,I want the pair to your room light off ,sample1071-0464
1072,I want the room brudder ,sample1072-0465
1073,I want the studio to be dark ,sample1073-0466
1074,When the toilet lights off ,sample1074-0467
1075,Oh the tall it lights to be a twelve ,sample1075-0468
1076,I want to toilet lights to be on ,sample1076-0469
1077,Like most anxious to pennington gate as little beast ,sample1077-0047
1078,I warned by vegetable right busied seventy three buzzard ,sample1078-0470
1079,I want to vestibule to shine at twelve per cent ,sample1079-0471
1080,I want the waiting room lights had a ten ,sample1080-0472
1081,I want this room at brightness level ken ,sample1081-0473
1082,I want to brighten the laundry room ,sample1082-0474
1083,I want to change the board room brightness the temples ,sample1083-0475
1084,I want to choose the light green ,sample1084-0476
1085,I want to change the light of blue instead ,sample1085-0477
1086,I want to lights to a lower setting please ,sample1086-0478
1087,I want to lower my apartment light please ,sample1087-0479
1088,There ain't no soon miss acted well bunsen ,sample1088-0048
1089,I want to make the light dimmer ,sample1089-0480
1090,I want to make the room brighter ,sample1090-0481
1091,A wan booth had delayed do then ,sample1091-0482
1092,I want to turn off the lights ,sample1092-0483
1093,I want to turn off the patio laps ,sample1093-0484
1094,I want to change the brightness level and the patio to ten ,sample1094-0486
1095,I want you to switch off all the lights and my cubicle ,sample1095-0487
1096,I want you to turn off the lights in the small meeting room ,sample1096-0488
1097,I want you to do in the light of enlightening lease ,sample1097-0489
1098,Brightness to seventy three please ,sample1098-0049
1099,Who would like for light be brighter ,sample1099-0490
1100,I would like for the lights to be pink ,sample1100-0491
1101,I would like green lights please ,sample1101-0492
1102,I would like lights on inside the house ,sample1102-0493
1103,I would like pink lights please ,sample1103-0494
1104,I would like to night beds levelling the begging them to be thirty nine ,sample1104-0495
1105,I would like the brightness of the lights to be leveled fife ,sample1105-0496
1106,I would like the garage lights on fifty ,sample1106-0497
1107,I looked like the knights to be don't honour ,sample1107-0498
1108,I went like the lights less bright ,sample1108-0499
1109,Active ain't the lights ,sample1109-0005
1110,Bring darkness to this room by turning off the lights ,sample1110-0050
1111,I would like the lights to change to green ,sample1111-0500
1112,I would like the lights turned off ,sample1112-0501
1113,I would like the launch laid down ,sample1113-0502
1114,I will make them as to whether to be b ,sample1114-0503
1115,I went like the waiting room lights turned up ,sample1115-0504
1116,I would be sure that the changing room lights be lowered ,sample1116-0505
1117,I'd like these lights on ,sample1117-0506
1118,I would like all laid tough ,sample1118-0507
1119,I'd like from our lights to be flipped on now ,sample1119-0508
1120,I would like front the lights could be blue ,sample1120-0509
1121,Bring the cellar lights up to too ,sample1121-0051
1122,I liked for the lights to go on now ,sample1122-0510
1123,I didn't like it under the darker ,sample1123-0511
1124,I like more alighting in the bedroom ,sample1124-0512
1125,I'd like the bedroom lights to be at ten per cent ,sample1125-0513
1126,I did like the brightness changed in the sid ,sample1126-0514
1127,I would like the brightness that two twenty ,sample1127-0515
1128,If like the brightness turned to him ,sample1128-0516
1129,I'd like to brightness turned up ,sample1129-0517
1130,I'd like the brightness turned up in the garage ,sample1130-0518
1131,I'd like the house lights to be set to twelve ,sample1131-0519
1132,Can the changing room lights be turned on ,sample1132-0052
1133,I'd like the kitchen to be brighter ,sample1133-0520
1134,I liked the light to increase in the pantry ,sample1134-0521
1135,Oh like lives in interest to be on ,sample1135-0522
1136,I like the lights in the laundry rome to be at level twenty two ,sample1136-0523
1137,Like the lights off in the vestibule ,sample1137-0524
1138,I'd like the lights to be shut off ,sample1138-0527
1139,All eyed the lives to be shut down ,sample1139-0528
1140,I like life's returned on ,sample1140-0529
1141,Can the laundry room have green lights ,sample1141-0053
1142,I'd like glide to change in the large meeting room ,sample1142-0530
1143,I'd like the lights to not be so bright ,sample1143-0531
1144,At length the lights turned down in the kid's room ,sample1144-0532
1145,I'd like the living room lights to be a twelve per cent ,sample1145-0533
1146,I would like the bogging loads to win it ,sample1146-0534
1147,I'd like to vestibule lighting to be at thirty nine ,sample1147-0535
1148,I'd like to activate delights in my cubicle ,sample1148-0536
1149,I liked to have pink lighting and the bathroom ,sample1149-0537
1150,I would like to lights to be green please ,sample1150-0538
1151,I'd like to lower the lights in the bedroom ,sample1151-0539
1152,Can the lights be read instead ,sample1152-0054
1153,I prefer to lights were on now ,sample1153-0540
1154,I'd prefer it to be brighter ,sample1154-0541
1155,I'd prefer the bathroom like to be at thirty nine ,sample1155-0542
1156,I prefer the laundry run lights to be turned to green ,sample1156-0543
1157,I'd prefer the lights to be on ,sample1157-0544
1158,I'd prefer the office lights to be on ,sample1158-0545
1159,Out before the dawn it lighting to be at levels dwell ,sample1159-0546
1160,I'm done with the lights in the dining room ,sample1160-0547
1161,I mean the basement these done the lights on ,sample1161-0548
1162,I meant the kitchen and i need some lights ,sample1162-0549
1163,Can the living room lights be turned off ,sample1163-0055
1164,I'm in the kitchen can you give me some lads please ,sample1164-0550
1165,Illuminates the entrance ,sample1165-0551
1166,In the basement turned the brightness to twenty ,sample1166-0552
1167,In the bathroom turn up the light power ,sample1167-0553
1168,In the change in room turned down the light power ,sample1168-0554
1169,And the cubicle and switch off the lights ,sample1169-0555
1170,In the entrance changed the colors to read ,sample1170-0556
1171,In the entrance make the lights pink ,sample1171-0557
1172,In the garage changed the lights to pink ,sample1172-0558
1173,In the gates bedroom meg the late spink ,sample1173-0559
1174,And we change the house sliding to twelve ,sample1174-0056
1175,And then kids bedroom turned the light saw ,sample1175-0560
1176,In the laundry room turned down the light power ,sample1176-0561
1177,In the leaving room make the lights green ,sample1177-0562
1178,In the lounge change it to level too ,sample1178-0563
1179,In the lounge turned the light sah ,sample1179-0564
1180,In the pantry turned down the brightness ,sample1180-0565
1181,In the pantry turn up the brightness ,sample1181-0566
1182,And the small meeting them the lights must be pink ,sample1182-0567
1183,And the cellar set the brightness of the light opes to dwell ,sample1183-0568
1184,Increase brightness please ,sample1184-0569
1185,Can we changed so lights to anything but peak ,sample1185-0057
1186,Increase brightness to fifty ,sample1186-0570
1187,Increase brightness to seventy three ,sample1187-0571
1188,Increase laid brightness ,sample1188-0572
1189,Increase light intensity ,sample1189-0573
1190,Increase lighting an entire apartment ,sample1190-0574
1191,Increase lighting in small meaty room ,sample1191-0575
1192,Increase lights in entire house ,sample1192-0576
1193,Increase the brightness in the changing room ,sample1193-0577
1194,Increase the brightness of the basement ,sample1194-0578
1195,Increase the brightness of the church annelides ,sample1195-0579
1196,Can we make the whole house at twenty two ,sample1196-0058
1197,Increase the brightness of the lights in the selah ,sample1197-0580
1198,Increase of brightness of the lights in the dining room ,sample1198-0581
1199,Increase of brightness of the lights in the entrance ,sample1199-0582
1200,Increase the brightness of the lights ,sample1200-0583
1201,Increase the brightness of this room ,sample1201-0584
1202,Increase the brightness to seventy three ,sample1202-0585
1203,Increase the brightness to ten ,sample1203-0586
1204,Encouraged to kill wiggle five intensity ,sample1204-0587
1205,Increase the intensity of the lighting ,sample1205-0588
1206,Gracie insensibly obliging please ,sample1206-0589
1207,Green light in the said ,sample1207-0059
1208,Increasing density of the late ,sample1208-0590
1209,Increase died in the changing room ,sample1209-0591
1210,Increase the light intensity ,sample1210-0592
1211,Increase the light intensity in the vestibule ,sample1211-0593
1212,Increase the lining ,sample1212-0594
1213,Increase delighting in the give hope ,sample1213-0595
1214,In trees delighting in the vestibule ,sample1214-0596
1215,Increase the lighting intensity ,sample1215-0597
1216,Increase the lighting intensity please ,sample1216-0598
1217,Increase the lights in the bedroom ,sample1217-0599
1218,Acted at the point its lights ,sample1218-0006
1219,Can you changed a bathroom light loo ,sample1219-0060
1220,Increase the lights in the garden ,sample1220-0600
1221,Increase the lights in the toilet ,sample1221-0601
1222,Increase the lights on the patio ,sample1222-0602
1223,Increase the lights please ,sample1223-0603
1224,Increase the lights it is too dark ,sample1224-0604
1225,It had possible to turn down the brightness ,sample1225-0605
1226,Is it o k for you to decrease the brightness of the lights ,sample1226-0606
1227,Is it possible for you to turn the lights up in this unlooked for us ,sample1227-0607
1228,Is it possible to get the lounge brightness to five ,sample1228-0608
1229,You feet botha bertel down don't oblate nothing that gets bedroom ,sample1229-0609
1230,January changed the colour of the liked to read in the lodge meeting room ,sample1230-0061
1231,Is it possible to turn on studio late ,sample1231-0610
1232,Is it possible to turn the lights on ,sample1232-0611
1233,Is it possible to turn the lights down in this room ,sample1233-0612
1234,If they had a way to don't the kitchen lights to read ,sample1234-0613
1235,Is there any made you can chiming of the light could be blue ,sample1235-0614
1236,It is too dark on the patio increase the lights ,sample1236-0615
1237,It is too dark more lights ,sample1237-0616
1238,It stood right in here ,sample1238-0617
1239,It's too bright bring the lights down ,sample1239-0618
1240,Still bright please make a darker ,sample1240-0619
1241,There are your chairs they kids room to ray ,sample1241-0062
1242,It's due dodd can here ,sample1242-0620
1243,It's too dark and hear brightened the lights a bit ,sample1243-0621
1244,So dark and the bedroom ,sample1244-0622
1245,To darken the waiting room ,sample1245-0623
1246,Its way to darken here ,sample1246-0624
1247,Kill the bathroom lights ,sample1247-0625
1248,Kill the lights in the bedroom ,sample1248-0626
1249,Kill the life's ne try apartment ,sample1249-0627
1250,Let in the brightness for me ,sample1250-0628
1251,Less than the brightness of the lights in the bedroom ,sample1251-0629
1252,Can you change your late in the garden to bank ,sample1252-0063
1253,Let there be lie ,sample1253-0630
1254,Laevsky and again and landing to render do ,sample1254-0631
1255,Let's have red lights ,sample1255-0632
1256,Let's have the entrance be read ,sample1256-0633
1257,Let's go over to the immensity of the light ,sample1257-0634
1258,Let's make the vestibule green ,sample1258-0635
1259,Let's get their powder likes to be blue ,sample1259-0636
1260,Let the lower the light please ,sample1260-0637
1261,Let's make the entrance lading therein ,sample1261-0638
1262,Let's make the lights bink ,sample1262-0639
1263,And you saint delighting in the bathroom ,sample1263-0064
1264,It's turn off the like in the office ,sample1264-0640
1265,Light up the vestibule ,sample1265-0641
1266,Biting needs to be adjusted to level doing the cubicle ,sample1266-0642
1267,Lights in the backyards be read ,sample1267-0643
1268,Why it in the kid's badger must beyond his ,sample1268-0644
1269,Wherefore intend fleet ,sample1269-0645
1270,Why it's off in the living room ,sample1270-0646
1271,Light self please ,sample1271-0647
1272,Lights off ,sample1272-0648
1273,Lights on and the kid's bedroom please ,sample1273-0649
1274,Can you change lighting intensity of the laundry room to twenty two ,sample1274-0065
1275,Lights on now ,sample1275-0650
1276,Lights out ,sample1276-0651
1277,Lights out please ,sample1277-0652
1278,Lights out please ,sample1278-0653
1279,Lower olive variety ,sample1279-0654
1280,Lower brightness ,sample1280-0655
1281,Lo what greatness in the back yard ,sample1281-0656
1282,Lower brightness in the toilets room ,sample1282-0657
1283,Lower light brightness ,sample1283-0658
1284,Lower lighting in the back yard ,sample1284-0659
1285,Gan to change the light two fifty on the bashville ,sample1285-0066
1286,Lower the brightness ,sample1286-0660
1287,Lower the brightness in the cubicle ,sample1287-0661
1288,Oh the brightness and the facilities room ,sample1288-0662
1289,O'er the brightness in the garden ,sample1289-0663
1290,Laura the intensity of the lights ,sample1290-0664
1291,Lower the lightning and the garage ,sample1291-0665
1292,Lower the lights ,sample1292-0666
1293,Oh it a lighter than my bedroom please ,sample1293-0667
1294,But with a light in the changing room ,sample1294-0668
1295,Lord of the lives in the dining room ,sample1295-0669
1296,Can you changed the lights to green ,sample1296-0067
1297,Lower the lights on the patio ,sample1297-0670
1298,No one of the laid stoop winby ,sample1298-0671
1299,Oh the lights ,sample1299-0672
1300,Meg edges men's godeschal deal i deemed a woman ,sample1300-0673
1301,Make certain no lights are on and the bathroom ,sample1301-0674
1302,Make it a little brighter in the bedroom ,sample1302-0675
1303,Make it a little lis dark in here ,sample1303-0676
1304,Make it a little less dark in the back yard ,sample1304-0677
1305,Make it writer ,sample1305-0678
1306,I can't brighter in here ,sample1306-0679
1307,Can he changed the lights to pink ,sample1307-0068
1308,The brighter in the changing room ,sample1308-0680
1309,May get brighter in the changing room ,sample1309-0681
1310,Gabrielle in the dining room ,sample1310-0682
1311,Make it brighter in the large meeting room ,sample1311-0683
1312,Let your brighter in the living room ,sample1312-0684
1313,Make a brighter in the waiting room ,sample1313-0685
1314,The door ,sample1314-0686
1315,Make it darken here ,sample1315-0687
1316,Make it darken the changing room ,sample1316-0688
1317,Make it doc ,sample1317-0689
1318,Get your change their minds to pick everywhere ,sample1318-0069
1319,Make it the more in europe ,sample1319-0690
1320,Make it more dim ,sample1320-0691
1321,Make it so that the light is e ,sample1321-0692
1322,Make landale whom green ,sample1322-0693
1323,Make laundry room light brightness twenty ,sample1323-0694
1324,Make lights brighter ,sample1324-0695
1325,Make lights demur ,sample1325-0696
1326,Make lights less bright in the laundry her ,sample1326-0697
1327,Make lights bink ,sample1327-0698
1328,Make lou lights off ,sample1328-0699
1329,Add more lighting in the basement ,sample1329-0007
1330,Then he turns the lights to the color read ,sample1330-0070
1331,Make my bulbs less prey ,sample1331-0700
1332,Make my lights blue ,sample1332-0701
1333,Make my lights brighter ,sample1333-0702
1334,Make my lights green ,sample1334-0703
1335,Make my lads pink ,sample1335-0704
1336,Make parking lights go on ,sample1336-0705
1337,Make sure the whole relates are increased in greatness ,sample1337-0706
1338,Make sure the late braid that if so i can see ,sample1338-0707
1339,It sure there are no lights on ,sample1339-0708
1340,Make back arrant bracer ,sample1340-0709
1341,Can you change the patio late to blue ,sample1341-0071
1342,Nay the basement at ten per cent for the light savvy ,sample1342-0710
1343,Make the recent lights go on ,sample1343-0711
1344,Make the by brutal laid the matter ,sample1344-0712
1345,Make the bathroom lights arm ,sample1345-0713
1346,Make the bedroom light demurred ,sample1346-0714
1347,Make the bedroom lights hernan ,sample1347-0715
1348,Made and that joram light intensity ten ,sample1348-0716
1349,Make the board room light the twelve ,sample1349-0717
1350,Make the boardroom lights read ,sample1350-0718
1351,Makes the brightness at twelve per cent ,sample1351-0719
1352,Can you chanda bastable to read ,sample1352-0072
1353,Make the brightness in the kitchen seventy three ,sample1353-0720
1354,Make the brightness off my light thirty nine ,sample1354-0721
1355,Make the brides of the lights be at least two per cent ,sample1355-0722
1356,Make the pillar of the lightning ,sample1356-0723
1357,Who make the colour of the light read ,sample1357-0724
1358,Max and cubicle less bright ,sample1358-0725
1359,Make the cubicle light green ,sample1359-0726
1360,Make the cubicle lighting to be dimmer ,sample1360-0727
1361,Make them cubicle lads turn off ,sample1361-0728
1362,Can you darken the bedroom ,sample1362-0073
1363,Make dining room lights off please ,sample1363-0730
1364,Make day and bade a flat breda ,sample1364-0731
1365,Make the entrance might at twenty two ,sample1365-0732
1366,Make the did translate psmith tints ,sample1366-0733
1367,Make they got his rider ,sample1367-0734
1368,Make the keats bedroom brighter with more light ,sample1368-0735
1369,Make the geared to bear domelike dread ,sample1369-0736
1370,Make thickens bedroom by its each wall ,sample1370-0737
1371,Make the good ceylon breda ,sample1371-0738
1372,Make the kitchen brighter ,sample1372-0739
1373,Can you decrease the brightness ,sample1373-0074
1374,Make their laud to meeting room late stood that denied but brightness ,sample1374-0740
1375,Make the laundry room of a darker please ,sample1375-0741
1376,Make the laundry room lights read ,sample1376-0742
1377,Make the late breda ,sample1377-0743
1378,Make the late bunch bright a police ,sample1378-0744
1379,Make the light bulbs in the pantry that twenty brightness ,sample1379-0745
1380,Make the light bulbs pink ,sample1380-0746
1381,Make the light dimmer ,sample1381-0747
1382,Make the light green ,sample1382-0748
1383,Make the leyden a bathroom brighter ,sample1383-0749
1384,Can eat decrease the brightness enriched kids bedroom ,sample1384-0075
1385,Make glided into bedroom brighter ,sample1385-0750
1386,Make the light in the dining room red ,sample1386-0751
1387,Make the light in the boundary to too ,sample1387-0752
1388,Make the light turned red ,sample1388-0753
1389,Pink gliding bertie run here ,sample1389-0754
1390,Make the lighting brighter in the living room ,sample1390-0755
1391,Make the lady more intense than the bathroom ,sample1391-0756
1392,Make the lights a little rider and the laundry row ,sample1392-0757
1393,Make the lights blue ,sample1393-0758
1394,Make the lights blue ,sample1394-0759
1395,Then he had increased the brightness of the light obed ,sample1395-0076
1396,Make the lights blue ,sample1396-0760
1397,Make the lights brighter ,sample1397-0761
1398,Make the lights brighter in the studio ,sample1398-0762
1399,Make the lights brighter ,sample1399-0763
1400,Make the lights dimmer please ,sample1400-0764
1401,Make the lights five ,sample1401-0765
1402,Frank the lights go on ,sample1402-0766
1403,Make the light screen ,sample1403-0767
1404,Make the lights green please ,sample1404-0768
1405,Make the light in the bedroom less bright ,sample1405-0769
1406,Can you decrease the light intensity ,sample1406-0077
1407,Make the lies in the cellar at the two brightness ,sample1407-0770
1408,Make the lights in the getting a party nine fleece ,sample1408-0771
1409,Make the lights in the house brighter ,sample1409-0772
1410,Make the lights in the kid's room ten ,sample1410-0773
1411,Make the lighting the keerds bedroom green ,sample1411-0774
1412,Make the lights in the room lower ,sample1412-0775
1413,Made the lights in the studio to be at twelve ,sample1413-0776
1414,Make the lights in the toilets brighter ,sample1414-0777
1415,Make the lights less bright ,sample1415-0778
1416,Can you dim the lights in the lounge ,sample1416-0078
1417,Make the lights less bright ,sample1417-0780
1418,Make the lights more bright ,sample1418-0781
1419,Make the lights more bright in the bedroom ,sample1419-0782
1420,Make the lights not shine any more ,sample1420-0783
1421,Make the light spink ,sample1421-0784
1422,Make the late spink ,sample1422-0785
1423,Make the lights read ,sample1423-0786
1424,Meg the late that carlat ahead ,sample1424-0787
1425,Make the light turn off ,sample1425-0788
1426,Make of lights turn off in the waiting room ,sample1426-0789
1427,Can you increase the brightness of the lights in the bedroom ,sample1427-0079
1428,Make the lights done on ,sample1428-0790
1429,Make the living room dimmer ,sample1429-0791
1430,Make believing loom lightly bud ,sample1430-0792
1431,Make the lounge twenty two ,sample1431-0793
1432,Make them meeting room late snappy ,sample1432-0794
1433,Make the pantry five per cent in brightness ,sample1433-0795
1434,Make the pantry lights to twelve ,sample1434-0796
1435,Make the patio brighter ,sample1435-0797
1436,Make the room a bit darker ,sample1436-0798
1437,Make the room brighter ,sample1437-0799
1438,I've just brightness to fifty ,sample1438-0008
1439,Can you increase the brightness ,sample1439-0080
1440,Make the studio lighting to be at the twelve setting ,sample1440-0800
1441,Make the studio lights off ,sample1441-0801
1442,Make the toilets green lights ,sample1442-0802
1443,Make twenty two the brightness setting ,sample1443-0803
1444,May eugene's the like hooping please ,sample1444-0804
1445,More light please ,sample1445-0805
1446,More lights please ,sample1446-0806
1447,All w'ite men circling in the dining room table sire ,sample1447-0807
1448,My bedroom needs to be darker ,sample1448-0808
1449,No more lights in the garden ,sample1449-0809
1450,Can you any callista lightning level in the studio ,sample1450-0081
1451,O k alexa cut out lights in the pantry ,sample1451-0810
1452,O k google turn off lights and entire flat ,sample1452-0811
1453,O k google turn off lights ,sample1453-0812
1454,Whence you until the laundry room turn on the lights ,sample1454-0813
1455,Please turn on the lights ,sample1455-0814
1456,Placed the cellar lights in the off position ,sample1456-0815
1457,Plants the landing on leveled twenty two and the crucible ,sample1457-0816
1458,Please activate the lights ,sample1458-0817
1459,Please just the cubicle light so it's brighter ,sample1459-0818
1460,Please adjusts the light brightness to go lower please ,sample1460-0819
1461,Can you light up the basement a bent more ,sample1461-0082
1462,Please adjusts the life orbs to twelve ,sample1462-0820
1463,But his brightened the lance in the meeting room ,sample1463-0821
1464,Please change entrance lights to blue ,sample1464-0822
1465,Please change the lights to read on snapped ,sample1465-0823
1466,Please changed the brightness in the room ,sample1466-0824
1467,Grant's change the brightness lovell and parking area to twenty ,sample1467-0825
1468,Claire's change the brightness level in the back yard to fifty ,sample1468-0826
1469,Please gender caught out in the large meeting room do pink ,sample1469-0827
1470,Please can that got out of delayed thread ,sample1470-0828
1471,But he's changed colour to pink ,sample1471-0829
1472,Can you make it a ted brighter please ,sample1472-0083
1473,Please changed the college to read and the bathroom ,sample1473-0830
1474,Please changed the light colour in the kitchen to blue ,sample1474-0831
1475,Please came gliding to twelve and ahead ,sample1475-0832
1476,He's changed the light green ,sample1476-0833
1477,It is doing the lights in them he'd ingram permitted beauties ,sample1477-0834
1478,He's changed the lights to read in both sent out ,sample1478-0835
1479,For his change the lights to read ,sample1479-0836
1480,Please chance the lights through twenty two and the house ,sample1480-0837
1481,These two in the living room laid steward ,sample1481-0838
1482,He's got balfour light ,sample1482-0839
1483,Can you make it brighter inside ,sample1483-0084
1484,Please decrees the brightness ,sample1484-0840
1485,Please decrease the brightness ,sample1485-0841
1486,Please dim load ,sample1486-0842
1487,Please dammed the lights ,sample1487-0843
1488,He's flicked the lights on ,sample1488-0844
1489,Please get rid of the lights ,sample1489-0845
1490,Please get the lights off ,sample1490-0846
1491,Please go on and increase the brightness ,sample1491-0847
1492,Please have the waiting room be less bright ,sample1492-0848
1493,Please increase lights ,sample1493-0849
1494,Can you make a dimmer in here ,sample1494-0085
1495,Please increase the brightness of the lights ,sample1495-0850
1496,Please increase the brightness of the lights in the kid's rome ,sample1496-0851
1497,Please increase the brightness of the lights in the small meaty room ,sample1497-0852
1498,Please increase of greatness of the late ,sample1498-0853
1499,Please increase the garage lights ,sample1499-0854
1500,Please increase the loathing ,sample1500-0855
1501,Please increased delights in the office ,sample1501-0856
1502,These lower the brightness for me ,sample1502-0857
1503,Please lower the lights in the room ,sample1503-0858
1504,Please lower light ,sample1504-0859
1505,Can you make the bedroom lights go up ,sample1505-0086
1506,Please make a brighter ,sample1506-0860
1507,Please make the gala read ,sample1507-0861
1508,We'd make the entire flat blue ,sample1508-0862
1509,Please make the flop room blue ,sample1509-0863
1510,Please make delight loo ,sample1510-0864
1511,For his make the light read ,sample1511-0865
1512,Please make the lights brighter ,sample1512-0866
1513,Please meg dilates green ,sample1513-0867
1514,Please make the late screen in the dining room ,sample1514-0868
1515,Least begged the late spink ,sample1515-0869
1516,Can you make the brightness twelve ,sample1516-0087
1517,There's meg the lights pink that my bedroom ,sample1517-0870
1518,Please make the vestibule lighting to be at twelve ,sample1518-0871
1519,These put off the bounty lights ,sample1519-0872
1520,Please send it to fire ,sample1520-0873
1521,They sat alone to brightness at twenty two per cent ,sample1521-0874
1522,He sent the life muslim five ,sample1522-0875
1523,He said the brightness to five per cent ,sample1523-0876
1524,Please said the light brightness level abatement of thirty nine ,sample1524-0877
1525,He said the knight bulbs to him ,sample1525-0878
1526,Please said the office lights down ,sample1526-0879
1527,Can you make the lights belittle ,sample1527-0088
1528,Please at the office to twenty two for the intensity ,sample1528-0880
1529,Who is that the studio to level too for the light intensity ,sample1529-0881
1530,Please said the toilet lighting to too ,sample1530-0882
1531,Please said the toilet room like to too ,sample1531-0883
1532,Plant shut off the lighting ,sample1532-0884
1533,Please shut off the lights above the toilet ,sample1533-0885
1534,Please shut off the lights ,sample1534-0886
1535,Please stop the lights ,sample1535-0887
1536,Chris switch my lads on now ,sample1536-0888
1537,Please switch on the lights for the facilities ,sample1537-0889
1538,Can you make the late bray dat ,sample1538-0089
1539,Please switch on my cubicle light ,sample1539-0890
1540,He's rejoined the lights ,sample1540-0891
1541,Please reached the got out the light to be read bees ,sample1541-0892
1542,Faith switch to pink gliding ,sample1542-0893
1543,Please you shouldn't do that green late ,sample1543-0894
1544,Please turn down the brightness ,sample1544-0895
1545,Please turn down the white intensity ,sample1545-0896
1546,Please turn down the lights ,sample1546-0897
1547,For he has turned down the lights and the entrance area ,sample1547-0898
1548,Please turn down the lights and the pantry ,sample1548-0899
1549,I had just a bedroom ripeness level deservin debris ,sample1549-0009
1550,Can you make the lights dimmer in the living room ,sample1550-0090
1551,Please don't lights read enlarge meeting room ,sample1551-0900
1552,A prayers turn lighted thought ,sample1552-0901
1553,Please turn my leighton ,sample1553-0902
1554,Please don't know for light ,sample1554-0903
1555,Please turn off all the lights ,sample1555-0904
1556,Please turn off the solar lights ,sample1556-0905
1557,Please turn off the lighting ,sample1557-0906
1558,Please turn up the lighting ,sample1558-0907
1559,Please turn off the lights in the bedroom ,sample1559-0908
1560,Please turn off the lights in the bedroom ,sample1560-0909
1561,Can you make the lights green in the basement ,sample1561-0091
1562,He's stone of the lights in the west anew ,sample1562-0910
1563,He certainly fuliginous room ,sample1563-0911
1564,Please don't of delight ,sample1564-0912
1565,This done of that eyelids slates ,sample1565-0913
1566,He's told her my parking lights ,sample1566-0914
1567,Please turn on the lights ,sample1567-0915
1568,His turn on the lights in the entrance ,sample1568-0916
1569,Please don't on the needing gloom nights ,sample1569-0917
1570,There's turned down the brightness of the light bulbs just a bit ah ,sample1570-0918
1571,Please turned the brightness up ,sample1571-0919
1572,Can you make the lights green ,sample1572-0092
1573,Please turn that sell alight to thirty nine ,sample1573-0920
1574,These don't let her keep screwing ripeness to fifty ,sample1574-0921
1575,But his turned the kitchen lights on ,sample1575-0922
1576,He's doing the light on funnel ,sample1576-0923
1577,Please turned the lights down ,sample1577-0924
1578,Please turn a lights down in the waiting room ,sample1578-0925
1579,Please turn a lights down to a lower setting in the living room ,sample1579-0926
1580,We turned liked them ,sample1580-0927
1581,Please turn the lights off ,sample1581-0928
1582,Please stand the lights off in the garden ,sample1582-0929
1583,Can you make the lights in the office green ,sample1583-0093
1584,Please turn the lights up in this rome ,sample1584-0930
1585,Please turn the living when lights to twelve ,sample1585-0931
1586,Please turn the patio lights up for me ,sample1586-0932
1587,Please turn up lights in apartment ,sample1587-0933
1588,Hung up delighting in the toilets ,sample1588-0934
1589,Please don't of delight a bit more ,sample1589-0935
1590,Please turn up the lights ,sample1590-0936
1591,Please degrees the brightness ,sample1591-0937
1592,Please sat the brightness of the life holds two seventy three ,sample1592-0938
1593,Power on the lamps ,sample1593-0939
1594,Can you made it else i like green ,sample1594-0094
1595,Power on the lamps in the toilets ,sample1595-0940
1596,Hour on the light ,sample1596-0941
1597,Her on the lights in the bedroom ,sample1597-0942
1598,Power on the office lamps ,sample1598-0943
1599,Power the cubicle lamps to ten ,sample1599-0944
1600,However webster two per cent ,sample1600-0945
1601,Pa word the office lights ,sample1601-0946
1602,Put that some brightness to fifty ,sample1602-0947
1603,The lights in higher intentionally please ,sample1603-0948
1604,Put laid still blue ,sample1604-0949
1605,You please brightened at room up a bit ,sample1605-0095
1606,Put on the lights in the cellar at two per cent ,sample1606-0950
1607,Wouldn't bucking lights at nevers well ,sample1607-0951
1608,Or dubbed knight merci monsieur indefinitely ,sample1608-0952
1609,Put the cellar lights to awe ,sample1609-0953
1610,Put the kid's bedroom lights on twelve ,sample1610-0954
1611,Would the lighting to level den ,sample1611-0955
1612,Put the lights in the living room a level thirty nine ,sample1612-0956
1613,Or believes in memory england bill's win ,sample1613-0957
1614,Put the lights off in the bedroom ,sample1614-0958
1615,Put the lights on ,sample1615-0959
1616,Fanny pleased him about the whole nights stood at the leonard ,sample1616-0096
1617,But the lights on please ,sample1617-0960
1618,Put the liked to twelve per cent in the bathroom ,sample1618-0961
1619,Front the last two in the back yard ,sample1619-0962
1620,Would the packing brightness at plenty ,sample1620-0963
1621,Quickly put on the lads in the dining room as i am very hungry ,sample1621-0964
1622,Raise the lights on the changing room ,sample1622-0965
1623,Raise the light and the lodger ,sample1623-0966
1624,Reduce basement brightness to two per cent ,sample1624-0967
1625,Dost brightness ,sample1625-0968
1626,But i'd use brightness to fifteen the house ,sample1626-0969
1627,Can you plants change that brightness and the kid's room to twenty two ,sample1627-0097
1628,Reduce the brightness in my bedroom as i am going to sleep ,sample1628-0970
1629,Reduce the brightness and the better'n please ,sample1629-0971
1630,Red use delight the brightness in the background to levin then ,sample1630-0972
1631,Select pink light color ,sample1631-0973
1632,Set all lamps to level thirty nine and the studio ,sample1632-0974
1633,Set all lamps to two in the laundry room ,sample1633-0975
1634,Said brightness in bantry two seventy three bo'sun ,sample1634-0976
1635,Sat brightness to twenty please ,sample1635-0977
1636,Search cellar lights to fifty ,sample1636-0978
1637,But like color to blue ,sample1637-0979
1638,Can you please chance the brightness and the lounged to thirty nine ,sample1638-0098
1639,Sat lights to green ,sample1639-0980
1640,Satellites to level thirty nine ,sample1640-0981
1641,Said lights d'alembert twenty two ,sample1641-0982
1642,Satellites to awe ,sample1642-0983
1643,Satellites to twenty two per cent the basement ,sample1643-0984
1644,Sat all lights to too and the parking room place ,sample1644-0985
1645,Fed leaving groombride clever to twenty two ,sample1645-0986
1646,Saint my maid below the window duvall vagueness ,sample1646-0987
1647,Said the basement lights to too ,sample1647-0988
1648,Said the bathroom writes to the on position ,sample1648-0989
1649,Can you please change the colour of the blue ,sample1649-0099
1650,Said the bedroom light two to four greatness ,sample1650-0990
1651,Said the brightness in the bathroom at leveled fall ,sample1651-0991
1652,Said the brightness in the legend to twenty two ,sample1652-0992
1653,Set the brightness in the kid's room to level twenty two ,sample1653-0993
1654,Said the brightness in the living room to day ,sample1654-0994
1655,Set the brightness level of white to twenty ,sample1655-0995
1656,Said the brightness lovell two seventy three ,sample1656-0996
1657,Said the brightness of the light bulbs to fifty ,sample1657-0997
1658,Said the brightness of the light bulbs to fifty ,sample1658-0998
1659,Separate not stupid dean ,sample1659-0999
